{"accuracy": [0.5820044279098511, 0.8524788618087769, 0.9119852185249329, 0.9375631213188171, 0.9552457332611084, 0.9654029607772827, 0.971463143825531, 0.9754320979118347, 0.9798705577850342, 0.9814638495445251], "loss": [1.4184809923171997, 0.465460866689682, 0.2707776725292206, 0.19154000282287598, 0.13592492043972015, 0.10486478358507156, 0.08744990080595016, 0.07526469230651855, 0.0621662437915802, 0.058107491582632065], "val_accuracy": [0.8461757302284241, 0.914295494556427, 0.9081493020057678, 0.9217504858970642, 0.9496358036994934, 0.945026159286499, 0.9541884660720825, 0.9516276121139526, 0.9595947861671448, 0.959537923336029], "val_loss": [0.4844130575656891, 0.2665803134441376, 0.2906821072101593, 0.25289225578308105, 0.16352908313274384, 0.17821355164051056, 0.1457866132259369, 0.15458188951015472, 0.14084862172603607, 0.14857988059520721]}